id,post_id,title,companyName,experience,jobType,location,amount,startDate,applydate,Skills,description,aboutcompany,requirement,date
1,f01eb0ba-af49-4c5f-92cc-67f7cb8658af,MERN Stack Developer,Bita Gama,1.2years,fullTime,Bhiali,10000-12000,immeditaly,28/02/2026,"js, python, mongoDB, node.js, react","Key Points:

Always verify the rows to be deleted using a SELECT statement before executing DELETE.
Use transactions and ROLLBACK to undo accidental deletions.
Avoid DELETE without a WHERE clause unless you intend to remove all data.
For removing all rows while keeping the table structure, consider TRUNCATE TABLE (faster and not recoverable via rollback in most databases). ","[!CAUTION] As of April 2025, old versions like v1 and v2 are still the most used, while they are deperecated for years -- they are also vulnerable to attacks if you are not implementing it properly. Please upgrade! We are here to help, and AI Editors & Agents could help a lot in such codemod-like migrations.

[!TIP] If you are starting a fresh project, you can check out the formidable-mini which is a super minimal version of Formidable (not quite configurable yet, but when it does it could become the basis for formidable@v4), using web standards like FormData API and File API, and you can use it to stream uploads directly to S3 or other such services.","Highlights
Fast (~900-2500 mb/sec) & streaming multipart parser
Automatically writing file uploads to disk (optional, see options.fileWriteStreamHandler)
Plugins API - allowing custom parsers and plugins
Low memory footprint
Graceful error handling
Very high test coverage
Install
This package is a dual ESM/commonjs package.

[!NOTE] This project requires Node.js >= 20. Install it using yarn or npm.
We highly recommend to use Yarn when you think to contribute to this project.

This is a low-level package, and if you're using a high-level framework it may already be included. Check the examples below and the examples/ folder.",2026-02-27 17:56:36
2,86543c19-4ad3-44e0-89a2-cebe1d2056c6,MERN Stack Developer,Bita Gama,1.2years,fullTime,Bhiali,20000-22000,immeditaly,28/02/2026,"js, python, mongoDB, node.js, react","Key Points:

Always verify the rows to be deleted using a SELECT statement before executing DELETE.
Use transactions and ROLLBACK to undo accidental deletions.
Avoid DELETE without a WHERE clause unless you intend to remove all data.
For removing all rows while keeping the table structure, consider TRUNCATE TABLE (faster and not recoverable via rollback in most databases). ","[!CAUTION] As of April 2025, old versions like v1 and v2 are still the most used, while they are deperecated for years -- they are also vulnerable to attacks if you are not implementing it properly. Please upgrade! We are here to help, and AI Editors & Agents could help a lot in such codemod-like migrations.

[!TIP] If you are starting a fresh project, you can check out the formidable-mini which is a super minimal version of Formidable (not quite configurable yet, but when it does it could become the basis for formidable@v4), using web standards like FormData API and File API, and you can use it to stream uploads directly to S3 or other such services.","Highlights
Fast (~900-2500 mb/sec) & streaming multipart parser
Automatically writing file uploads to disk (optional, see options.fileWriteStreamHandler)
Plugins API - allowing custom parsers and plugins
Low memory footprint
Graceful error handling
Very high test coverage
Install
This package is a dual ESM/commonjs package.

[!NOTE] This project requires Node.js >= 20. Install it using yarn or npm.
We highly recommend to use Yarn when you think to contribute to this project.

This is a low-level package, and if you're using a high-level framework it may already be included. Check the examples below and the examples/ folder.",2026-02-27 17:56:41
3,600588ae-0d7b-4d30-9870-3e02f319282d,Ui/UX Designer,Ui/Ux school of Designing,Beginner,fullTime,Rungta collge of engineering kokha kurud Bhilai,10000-15000,immeditaly,28/02/2026,"figma, AdobePhotoshop, premierpro","container: Use a separate variable to reference the container (document.getElementById(""joblist-card"")) and append cards to it. 
container.appendChild(card): Correctly append each card to the container. 
Error handling: Check if the container exists before attempting to modify it. ","container: Use a separate variable to reference the container (document.getElementById(""joblist-card"")) and append cards to it. 
container.appendChild(card): Correctly append each card to the container. 
Error handling: Check if the container exists before attempting to modify it. ","container: Use a separate variable to reference the container (document.getElementById(""joblist-card"")) and append cards to it. 
container.appendChild(card): Correctly append each card to the container. 
Error handling: Check if the container exists before attempting to modify it. ",2026-03-02 14:19:31
4,79614fcd-cd05-481c-a962-8188e069e209,Ui/UX designer,Techowear NexCircuit pvt.ltd,1.2 year,fullTime,Rungta collge of engineering kokha kurud Bhilai,15000-20000,immeditaly,28/02/2026,"figma, AdobePhotoshop, premierpro","his module was initially developed by @felixge for Transloadit, a service focused on uploading and encoding images and videos. It has been battle-tested against hundreds of GBs of file uploads from a large variety of clients and is considered production-ready and is used in production for years.

Currently, we are few maintainers trying to deal with it. :) More contributors are always welcome! ❤️ Jump on issue #412 which is closed, but if you are interested we can discuss it and add you after strict rules, like enabling Two-Factor Auth in your npm and GitHub accounts.","his module was initially developed by @felixge for Transloadit, a service focused on uploading and encoding images and videos. It has been battle-tested against hundreds of GBs of file uploads from a large variety of clients and is considered production-ready and is used in production for years.

Currently, we are few maintainers trying to deal with it. :) More contributors are always welcome! ❤️ Jump on issue #412 which is closed, but if you are interested we can discuss it and add you after strict rules, like enabling Two-Factor Auth in your npm and GitHub accounts.","his module was initially developed by @felixge for Transloadit, a service focused on uploading and encoding images and videos. It has been battle-tested against hundreds of GBs of file uploads from a large variety of clients and is considered production-ready and is used in production for years.

Currently, we are few maintainers trying to deal with it. :) More contributors are always welcome! ❤️ Jump on issue #412 which is closed, but if you are interested we can discuss it and add you after strict rules, like enabling Two-Factor Auth in your npm and GitHub accounts.",2026-03-02 14:28:49
